"id","entrega","status_anterior","status_20260912","nivel_de_evidencia","observacao_20260912","evidencia_documental_anterior"
"UX01","Linha de base e cobertura","I","I","ESCOPO_HERDADO_NAO_RETESTADO_INTEGRALMENTE","Escopo técnico mantido da matriz anterior. Não houve novo teste individual de todos os critérios desta etapa; evidência histórica abaixo não certifica produção atual. A01 afeta acesso direto às rotas que usam loadAppShell; consulte relatório.","Inventário e auditorias existem; esta revisão atualiza estado no HEAD. DOC/QA."
"UX02","Continuidade e métricas","P","P","ESCOPO_HERDADO_NAO_RETESTADO_INTEGRALMENTE","Escopo técnico mantido da matriz anterior. Não houve novo teste individual de todos os critérios desta etapa; evidência histórica abaixo não certifica produção atual. A01 afeta acesso direto às rotas que usam loadAppShell; consulte relatório.","Contratos locais existem; métricas operacionais e continuidade entre dispositivos não estão completas. CART/METRIC/F11."
"UX03","Testes de contrato das falhas","P","P","REAVALIADO_CODIGO_TESTES_OU_ESTADO_REMOTO","R01–R04 anteriores corrigidos no recorte verificado; 161 testes passam. Reproduzidos novos defeitos A01 (shell em produção), A02 (digitação na ficha) e A03 (variantes ausentes). Falta gate real da hospedagem.","Suítes amplas; faltam regressões dos novos defeitos F01–F12. QA."
"UX04","Consulta de novidades","I","I","ESCOPO_HERDADO_NAO_RETESTADO_INTEGRALMENTE","Escopo técnico mantido da matriz anterior. Não houve novo teste individual de todos os critérios desta etapa; evidência histórica abaixo não certifica produção atual. A01 afeta acesso direto às rotas que usam loadAppShell; consulte relatório.","Perfil e testes implementados sem depender de estoque positivo. CAT/PROD."
"UX05","Autocomplete e atalhos","I","I","REAVALIADO_CODIGO_TESTES_OU_ESTADO_REMOTO","Correção de aria-activedescendant está no HEAD 561a548 e no main remoto; teste aprovado. Retificar anotação anterior de alteração ainda não publicada.","Tratamento de sugestões e navegação coberto no fluxo existente. CAT/NAV/QA."
"UX06","Erros com recuperação útil","P","P","REAVALIADO_CODIGO_TESTES_OU_ESTADO_REMOTO","Troca para compartilhamento revogado limpa itens antigos no cenário simulado. Subrota editorial inválida agora responde 404, mas seu HTML é o login da Vercel (A01). Recuperação pública não encerrada.","Retry em catálogo/conta existe; compartilhamento e ajustes ainda falham. F01/F07."
"UX07","Rascunho de orçamento","I","I","REAVALIADO_CODIGO_TESTES_OU_ESTADO_REMOTO","Rascunho de sessão com expiração e limpeza por identidade implementado/testado; não representa várias campanhas remotas.","Rascunho com prazo de 24h em sessionStorage e testes; limites entre contas estão em UX79. CART/QUOTE."
"UX08","Comparação ao navegar","I","I","ESCOPO_HERDADO_NAO_RETESTADO_INTEGRALMENTE","Escopo técnico mantido da matriz anterior. Não houve novo teste individual de todos os critérios desta etapa; evidência histórica abaixo não certifica produção atual. A01 afeta acesso direto às rotas que usam loadAppShell; consulte relatório.","Persistência de comparação em sessão, remoção e limite de três. PROD/QA."
"UX09","Contexto da campanha","I","I","REAVALIADO_CODIGO_TESTES_OU_ESTADO_REMOTO","Correções de contexto na duplicação e escopo da verba permanecem versionadas em 561a548; suíte de contratos aprovada. Isto não comprova a cadeia comercial real.","Contexto acompanha descoberta e briefing, mas duplicação compartilhada mistura contexto anterior. CUR/QUOTE/F02."
"UX10","Aceitar estabilização","P","P","REAVALIADO_CODIGO_TESTES_OU_ESTADO_REMOTO","R01–R04 anteriores corrigidos no recorte verificado; 161 testes passam. Reproduzidos novos defeitos A01 (shell em produção), A02 (digitação na ficha) e A03 (variantes ausentes). Falta gate real da hospedagem.","Testes básicos passam; não encerrar enquanto regressões de continuidade persistirem. QA/F01–F03."
"UX11","Arquitetura da informação","P","P","ESCOPO_HERDADO_NAO_RETESTADO_INTEGRALMENTE","Escopo técnico mantido da matriz anterior. Não houve novo teste individual de todos os critérios desta etapa; evidência histórica abaixo não certifica produção atual. A01 afeta acesso direto às rotas que usam loadAppShell; consulte relatório.","Rotas e navegação por tarefa existem; compreensão por compradores reais não comprovada. NAV/DOC."
"UX12","Nomes das tarefas","P","P","ESCOPO_HERDADO_NAO_RETESTADO_INTEGRALMENTE","Escopo técnico mantido da matriz anterior. Não houve novo teste individual de todos os critérios desta etapa; evidência histórica abaixo não certifica produção atual. A01 afeta acesso direto às rotas que usam loadAppShell; consulte relatório.","Rótulos ajustados; documentação mantém nomenclatura anterior e falta validação consistente de compreensão. NAV/DOC/F14."
"UX13","Guia de voz","P","P","ESCOPO_HERDADO_NAO_RETESTADO_INTEGRALMENTE","Escopo técnico mantido da matriz anterior. Não houve novo teste individual de todos os critérios desta etapa; evidência histórica abaixo não certifica produção atual. A01 afeta acesso direto às rotas que usam loadAppShell; consulte relatório.","Estratégia define tom, mas não há guia consolidado atualizado com exemplos e governança de todos os contextos. HOME/DOC."
"UX14","Sistema visual","I","I","ESCOPO_HERDADO_NAO_RETESTADO_INTEGRALMENTE","Escopo técnico mantido da matriz anterior. Não houve novo teste individual de todos os critérios desta etapa; evidência histórica abaixo não certifica produção atual. A01 afeta acesso direto às rotas que usam loadAppShell; consulte relatório.","Tokens, padrões visuais e layouts compartilhados implementados. HOME/NAV/QA."
"UX15","Cabeçalho por tarefa","I","I","ESCOPO_HERDADO_NAO_RETESTADO_INTEGRALMENTE","Escopo técnico mantido da matriz anterior. Não houve novo teste individual de todos os critérios desta etapa; evidência histórica abaixo não certifica produção atual. A01 afeta acesso direto às rotas que usam loadAppShell; consulte relatório.","Acessos de catálogo, busca, seleção e conta implementados. NAV."
"UX16","Busca móvel","I","I","ESCOPO_HERDADO_NAO_RETESTADO_INTEGRALMENTE","Escopo técnico mantido da matriz anterior. Não houve novo teste individual de todos os critérios desta etapa; evidência histórica abaixo não certifica produção atual. A01 afeta acesso direto às rotas que usam loadAppShell; consulte relatório.","Entrada e navegação móvel presentes e cobertas no smoke. NAV/CAT/QA."
"UX17","Painéis e diálogos","P","P","REAVALIADO_CODIGO_TESTES_OU_ESTADO_REMOTO","Diálogo com teclado/foco e bloqueio de scroll incluídos no HEAD; suíte local aprovada. Aceite integral das sobreposições/leitores de tela ainda pendente.","Padrões de foco/Escape existem; confirmação não cobre duplicação compartilhada. NAV/CART/F02."
"UX18","Orientação e posição","P","P","ESCOPO_HERDADO_NAO_RETESTADO_INTEGRALMENTE","Escopo técnico mantido da matriz anterior. Não houve novo teste individual de todos os critérios desta etapa; evidência histórica abaixo não certifica produção atual. A01 afeta acesso direto às rotas que usam loadAppShell; consulte relatório.","Breadcrumbs/URL/foco presentes; retorno exato de scroll em todas as combinações não demonstrado. NAV/CAT/QA."
"UX19","Erros e vazios","P","P","REAVALIADO_CODIGO_TESTES_OU_ESTADO_REMOTO","Troca para compartilhamento revogado limpa itens antigos no cenário simulado. Subrota editorial inválida agora responde 404, mas seu HTML é o login da Vercel (A01). Recuperação pública não encerrada.","Componentes existem; subrota editorial inválida retorna HTTP 200. SEO/F05."
"UX20","Testar navegação com tarefas","E","E","ESCOPO_HERDADO_NAO_RETESTADO_INTEGRALMENTE","Escopo técnico mantido da matriz anterior. Não houve novo teste individual de todos os critérios desta etapa; evidência histórica abaixo não certifica produção atual. A01 afeta acesso direto às rotas que usam loadAppShell; consulte relatório.","Automação não substitui sessões com compradores; resultados de participantes não encontrados. DOC/QA."
"UX21","Ordem da home por intenção","P","P","ESCOPO_HERDADO_NAO_RETESTADO_INTEGRALMENTE","Escopo técnico mantido da matriz anterior. Não houve novo teste individual de todos os critérios desta etapa; evidência histórica abaixo não certifica produção atual. A01 afeta acesso direto às rotas que usam loadAppShell; consulte relatório.","Home reorganizada; eficácia e antecipação ideal dos produtos ainda sem validação com público. HOME."
"UX22","Promessa no primeiro bloco","I","I","ESCOPO_HERDADO_NAO_RETESTADO_INTEGRALMENTE","Escopo técnico mantido da matriz anterior. Não houve novo teste individual de todos os critérios desta etapa; evidência histórica abaixo não certifica produção atual. A01 afeta acesso direto às rotas que usam loadAppShell; consulte relatório.","Proposta sob medida e fluxo sem compra são explícitos. HOME/QUOTE."
"UX23","Produtos que mostrem repertório","P","P","ESCOPO_HERDADO_NAO_RETESTADO_INTEGRALMENTE","Escopo técnico mantido da matriz anterior. Não houve novo teste individual de todos os critérios desta etapa; evidência histórica abaixo não certifica produção atual. A01 afeta acesso direto às rotas que usam loadAppShell; consulte relatório.","Produtos reais aparecem; seleção editorial diversa com responsável/revisão ainda não comprovada. HOME/CUR."
"UX24","Campanhas distintas","P","P","REAVALIADO_CODIGO_TESTES_OU_ESTADO_REMOTO","Finder corrigido no recorte onboarding, mas ideaLandings e catalogLibrary ainda impõem perfil=kits. Falta conjunto de relevância comercial julgado e revisão de coerência (A06).","Entradas existem; várias convergem para kits/destaques amplos. CUR/F09."
"UX25","Quatro frases da marca","I","I","REAVALIADO_CODIGO_TESTES_OU_ESTADO_REMOTO","Frases da marca permanecem na home/elementos editoriais, inclusive texto repartido em elementos JSX. Não confundir busca literal simples com ausência na interface.","Frases incorporadas e protegidas por testes de presença. HOME/QA."
"UX26","Case comercial real","E","E","ESCOPO_HERDADO_NAO_RETESTADO_INTEGRALMENTE","Escopo técnico mantido da matriz anterior. Não houve novo teste individual de todos os critérios desta etapa; evidência histórica abaixo não certifica produção atual. A01 afeta acesso direto às rotas que usam loadAppShell; consulte relatório.","Não há case publicado com conjunto completo de evidências/autorização identificado. HOME/DOC."
"UX27","Como funciona","P","P","ESCOPO_HERDADO_NAO_RETESTADO_INTEGRALMENTE","Escopo técnico mantido da matriz anterior. Não houve novo teste individual de todos os critérios desta etapa; evidência histórica abaixo não certifica produção atual. A01 afeta acesso direto às rotas que usam loadAppShell; consulte relatório.","Fluxo explicado; validação formal das etapas de arte/produção e operação comercial ainda necessária. HOME/QUOTE."
"UX28","Operação e limites","E","E","ESCOPO_HERDADO_NAO_RETESTADO_INTEGRALMENTE","Escopo técnico mantido da matriz anterior. Não houve novo teste individual de todos os critérios desta etapa; evidência histórica abaixo não certifica produção atual. A01 afeta acesso direto às rotas que usam loadAppShell; consulte relatório.","Depende de fotos reais autorizadas e confirmação de capacidades/prazos; conteúdo genérico não é comprovação. HOME/DOC."
"UX29","Necessidade no contato","I","I","ESCOPO_HERDADO_NAO_RETESTADO_INTEGRALMENTE","Escopo técnico mantido da matriz anterior. Não houve novo teste individual de todos os critérios desta etapa; evidência histórica abaixo não certifica produção atual. A01 afeta acesso direto às rotas que usam loadAppShell; consulte relatório.","Formulário permite explicar necessidade e indicar contexto; envio automático é outro requisito. QUOTE/NAV."
"UX30","Redes e atendimento oficial","P","P","ESCOPO_HERDADO_NAO_RETESTADO_INTEGRALMENTE","Escopo técnico mantido da matriz anterior. Não houve novo teste individual de todos os critérios desta etapa; evidência histórica abaixo não certifica produção atual. A01 afeta acesso direto às rotas que usam loadAppShell; consulte relatório.","Ícones/links existem e são testados; titularidade de todos os canais, horários e domínio não confirmada nesta revisão. NAV/QA."
"UX31","Taxonomia de campanhas","P","P","ESCOPO_HERDADO_NAO_RETESTADO_INTEGRALMENTE","Escopo técnico mantido da matriz anterior. Não houve novo teste individual de todos os critérios desta etapa; evidência histórica abaixo não certifica produção atual. A01 afeta acesso direto às rotas que usam loadAppShell; consulte relatório.","Taxonomia e tradução de filtros existem; adequação semântica dos atalhos ainda limitada. CAT/CUR/F09."
"UX32","Sinônimos por intenção","P","P","REAVALIADO_CODIGO_TESTES_OU_ESTADO_REMOTO","Finder corrigido no recorte onboarding, mas ideaLandings e catalogLibrary ainda impõem perfil=kits. Falta conjunto de relevância comercial julgado e revisão de coerência (A06).","Busca textual refinada; outros caminhos ainda restringem onboarding a kits. CAT/CUR/F09."
"UX33","Erros de digitação","I","I","ESCOPO_HERDADO_NAO_RETESTADO_INTEGRALMENTE","Escopo técnico mantido da matriz anterior. Não houve novo teste individual de todos os critérios desta etapa; evidência histórica abaixo não certifica produção atual. A01 afeta acesso direto às rotas que usam loadAppShell; consulte relatório.","Normalização/sugestões e proteção de códigos cobertas nos testes de busca. CAT."
"UX34","Amostra de relevância","N","N","ESCOPO_HERDADO_NAO_RETESTADO_INTEGRALMENTE","Escopo técnico mantido da matriz anterior. Não houve novo teste individual de todos os critérios desta etapa; evidência histórica abaixo não certifica produção atual. A01 afeta acesso direto às rotas que usam loadAppShell; consulte relatório.","Não encontrei dataset real julgado com esperado/obtido por intenção; fixtures não substituem avaliação comercial. CAT/DOC."
"UX35","Ordenação editorial","P","P","ESCOPO_HERDADO_NAO_RETESTADO_INTEGRALMENTE","Escopo técnico mantido da matriz anterior. Não houve novo teste individual de todos os critérios desta etapa; evidência histórica abaixo não certifica produção atual. A01 afeta acesso direto às rotas que usam loadAppShell; consulte relatório.","Ordenação por flags existe; não há ranking avaliado por intenção/diversidade. CAT/F09."
"UX36","Novidades, kits, badge único","I","I","REAVALIADO_CODIGO_TESTES_OU_ESTADO_REMOTO","Regra de badge único preservada com testes de navegadores; não implica composição de kits implementada.","Precedência único badge e critérios de novidade implementados/testados. PROD."
"UX37","Grupos do superfiltro","I","I","ESCOPO_HERDADO_NAO_RETESTADO_INTEGRALMENTE","Escopo técnico mantido da matriz anterior. Não houve novo teste individual de todos os critérios desta etapa; evidência histórica abaixo não certifica produção atual. A01 afeta acesso direto às rotas que usam loadAppShell; consulte relatório.","Agrupamentos, busca e chips legíveis implementados. CAT/QA."
"UX38","Refinamento móvel","I","I","ESCOPO_HERDADO_NAO_RETESTADO_INTEGRALMENTE","Escopo técnico mantido da matriz anterior. Não houve novo teste individual de todos os critérios desta etapa; evidência histórica abaixo não certifica produção atual. A01 afeta acesso direto às rotas que usam loadAppShell; consulte relatório.","Painel móvel, combinação de filtros, URL e retorno de foco cobertos. CAT/QA."
"UX39","Densidade, paginação, retorno","P","P","ESCOPO_HERDADO_NAO_RETESTADO_INTEGRALMENTE","Escopo técnico mantido da matriz anterior. Não houve novo teste individual de todos os critérios desta etapa; evidência histórica abaixo não certifica produção atual. A01 afeta acesso direto às rotas que usam loadAppShell; consulte relatório.","Paginação e estado de filtro existem; toda a matriz de retorno/posição ainda sem comprovação. CAT/QA."
"UX40","Explicar recomendações e vazios","P","P","ESCOPO_HERDADO_NAO_RETESTADO_INTEGRALMENTE","Escopo técnico mantido da matriz anterior. Não houve novo teste individual de todos os critérios desta etapa; evidência histórica abaixo não certifica produção atual. A01 afeta acesso direto às rotas que usam loadAppShell; consulte relatório.","Recuperação de vazio existe; justificativa de pertinência depende de melhorar a curadoria. CAT/CUR/F09."
"UX41","Qualidade dos dados","P","P","ESCOPO_HERDADO_NAO_RETESTADO_INTEGRALMENTE","Escopo técnico mantido da matriz anterior. Não houve novo teste individual de todos os critérios desta etapa; evidência histórica abaixo não certifica produção atual. A01 afeta acesso direto às rotas que usam loadAppShell; consulte relatório.","Normalizadores/contrato público protegem exibição; falta auditoria estratificada recorrente com amostra e responsáveis. PROD/DATA."
"UX42","Resumo e descrição completa","I","I","ESCOPO_HERDADO_NAO_RETESTADO_INTEGRALMENTE","Escopo técnico mantido da matriz anterior. Não houve novo teste individual de todos os critérios desta etapa; evidência histórica abaixo não certifica produção atual. A01 afeta acesso direto às rotas que usam loadAppShell; consulte relatório.","Separação de leitura implementada no detalhe. PROD."
"UX43","Especificações e unidades","P","P","ESCOPO_HERDADO_NAO_RETESTADO_INTEGRALMENTE","Escopo técnico mantido da matriz anterior. Não houve novo teste individual de todos os critérios desta etapa; evidência histórica abaixo não certifica produção atual. A01 afeta acesso direto às rotas que usam loadAppShell; consulte relatório.","Campos e ausência tratados; qualidade/unidades de todas as famílias não auditadas em amostra representativa. PROD/DATA."
"UX44","Galeria com ampliação","I","I","ESCOPO_HERDADO_NAO_RETESTADO_INTEGRALMENTE","Escopo técnico mantido da matriz anterior. Não houve novo teste individual de todos os critérios desta etapa; evidência histórica abaixo não certifica produção atual. A01 afeta acesso direto às rotas que usam loadAppShell; consulte relatório.","Miniaturas, ampliação e fallback presentes; testes de galeria existentes. PROD/QA."
"UX45","Cores e variantes","I","P","REAVALIADO_CODIGO_TESTES_OU_ESTADO_REMOTO","Variantes válidas são preservadas, mas variantes que desapareceram colapsam em sem-cor na hidratação e podem perder quantidade. Reclassificado para parcial (A03).","Identidade da variante preservada em seleção e contratos; dados publicados governam apresentação. PROD/CART/SHARE."
"UX46","Mínimo e ajuste de quantidade","P","P","REAVALIADO_CODIGO_TESTES_OU_ESTADO_REMOTO","Drawer recebeu edição por rascunho/blur. Ficha ProductPage.tsx:201 continua normalizando a cada tecla; mínimo 50 + apagar/digitar 250 resultou 50250 em Chromium local (A02).","Mínimo validado, mas edição intermediária é normalizada cedo demais. PROD/F10."
"UX47","Personalização comprovada","P","P","ESCOPO_HERDADO_NAO_RETESTADO_INTEGRALMENTE","Escopo técnico mantido da matriz anterior. Não houve novo teste individual de todos os critérios desta etapa; evidência histórica abaixo não certifica produção atual. A01 afeta acesso direto às rotas que usam loadAppShell; consulte relatório.","Textos cautelosos/FAQ existem; matriz de técnicas e exemplos reais por produto não está completa. PROD/DOC."
"UX48","FAQ contextual","I","I","ESCOPO_HERDADO_NAO_RETESTADO_INTEGRALMENTE","Escopo técnico mantido da matriz anterior. Não houve novo teste individual de todos os critérios desta etapa; evidência histórica abaixo não certifica produção atual. A01 afeta acesso direto às rotas que usam loadAppShell; consulte relatório.","Perguntas por contexto de catálogo/produto/orçamento implementadas. PROD/QUOTE."
"UX49","Relacionados relevantes","P","P","ESCOPO_HERDADO_NAO_RETESTADO_INTEGRALMENTE","Escopo técnico mantido da matriz anterior. Não houve novo teste individual de todos os critérios desta etapa; evidência histórica abaixo não certifica produção atual. A01 afeta acesso direto às rotas que usam loadAppShell; consulte relatório.","Relacionados por categoria existem; diversidade/adequação à campanha não demonstradas. PROD/CUR/F09."
"UX50","Comparação decisória","I","I","ESCOPO_HERDADO_NAO_RETESTADO_INTEGRALMENTE","Escopo técnico mantido da matriz anterior. Não houve novo teste individual de todos os critérios desta etapa; evidência histórica abaixo não certifica produção atual. A01 afeta acesso direto às rotas que usam loadAppShell; consulte relatório.","Até três itens com atributos úteis e ausências tratadas; testes cobrem persistência. PROD/QA."
"UX51","Feedback ao salvar","I","I","ESCOPO_HERDADO_NAO_RETESTADO_INTEGRALMENTE","Escopo técnico mantido da matriz anterior. Não houve novo teste individual de todos os critérios desta etapa; evidência histórica abaixo não certifica produção atual. A01 afeta acesso direto às rotas que usam loadAppShell; consulte relatório.","Estados de inclusão/atualização, contador e limite presentes. CART/PROD/QA."
"UX52","Remover/limpar com proteção","P","P","REAVALIADO_CODIGO_TESTES_OU_ESTADO_REMOTO","Confirmação de substituição e limpeza/desfazer presentes; troca para token revogado não deixa seleção anterior acionável no cenário simulado. Ciclo integral de todas as formas de perda não certificado.","Remoção/limpeza têm recuperação; substituição por compartilhamento escapa da proteção. CART/F02."
"UX53","Seleções por campanha","P","P","REAVALIADO_CODIGO_TESTES_OU_ESTADO_REMOTO","Seleção ativa local não é biblioteca remota por conta. Sem múltiplas campanhas persistidas, sincronização autenticada, resolução de conflitos e arquivamento/restauração (A08).","Nome de uma seleção ativa existe; múltiplas campanhas independentes não. CART/F11."
"UX54","Alternativas de decisão","P","P","REAVALIADO_CODIGO_TESTES_OU_ESTADO_REMOTO","Grupos principal/alternativa existem no orçamento. Compartilhamento conserva somente id/q/v, por minimização; decidir apresentação dos grupos sem incluir dados pessoais automaticamente.","Grupos/prioridades implementados; entendimento pelos compradores e preservação no link não comprovados. CART/QUOTE/F12."
"UX55","Impressão/PDF","P","P","ESCOPO_HERDADO_NAO_RETESTADO_INTEGRALMENTE","Escopo técnico mantido da matriz anterior. Não houve novo teste individual de todos os critérios desta etapa; evidência histórica abaixo não certifica produção atual. A01 afeta acesso direto às rotas que usam loadAppShell; consulte relatório.","Estilo de impressão existe; paginação longa, imagens, observações e QA do PDF final ainda pendentes. CART/QUOTE/QA."
"UX56","Modelo de compartilhamento","P","P","REAVALIADO_CODIGO_TESTES_OU_ESTADO_REMOTO","Limite 50, variantes longas e gestão local de links corrigidos/testados; troca para revogado passou na simulação. Variantes ausentes ainda perdem identidade/quantidade (A03); acesso direto afetado por A01 e estado remoto não certificado.","Token opaco, validade e segredo separado existem; gerenciamento/limpeza ainda incompletos. SHARE/F03/F06."
"UX57","Link de leitura","P","P","REAVALIADO_CODIGO_TESTES_OU_ESTADO_REMOTO","Limite 50, variantes longas e gestão local de links corrigidos/testados; troca para revogado passou na simulação. Variantes ausentes ainda perdem identidade/quantidade (A03); acesso direto afetado por A01 e estado remoto não certificado.","API e página existem, mas há falhas de carregamento, duplicação e revogação; limite de oito. SHARE/F01–F03/F12."
"UX58","Prévia de links por conteúdo","P","P","REAVALIADO_CODIGO_TESTES_OU_ESTADO_REMOTO","Titles/canonical e noindex privado evoluíram. Produção entrega HTML de login da Vercel em rotas públicas/privadas, sem root React; 404 editorial correto não encerra SEO/experiência (A01).","Produto tem camada própria; catálogos/datas e páginas sensíveis falham no HTML inicial. SEO/F05."
"UX59","Sincronização após login","N","N","REAVALIADO_CODIGO_TESTES_OU_ESTADO_REMOTO","Seleção ativa local não é biblioteca remota por conta. Sem múltiplas campanhas persistidas, sincronização autenticada, resolução de conflitos e arquivamento/restauração (A08).","Não há biblioteca remota de seleções por usuário; histórico de pedidos não é sincronização de rascunhos. CART/ACCOUNT/F11."
"UX60","Conflitos/ciclo de campanhas","N","N","REAVALIADO_CODIGO_TESTES_OU_ESTADO_REMOTO","Seleção ativa local não é biblioteca remota por conta. Sem múltiplas campanhas persistidas, sincronização autenticada, resolução de conflitos e arquivamento/restauração (A08).","Não há versionamento concorrente, arquivamento e restauração de várias seleções. CART/F11."
"UX61","Resumo editável da campanha","I","I","ESCOPO_HERDADO_NAO_RETESTADO_INTEGRALMENTE","Escopo técnico mantido da matriz anterior. Não houve novo teste individual de todos os critérios desta etapa; evidência histórica abaixo não certifica produção atual. A01 afeta acesso direto às rotas que usam loadAppShell; consulte relatório.","Contexto e campos de briefing revisáveis no fluxo principal. QUOTE."
"UX62","Verba sem preço fictício","I","I","REAVALIADO_CODIGO_TESTES_OU_ESTADO_REMOTO","Correções de contexto na duplicação e escopo da verba permanecem versionadas em 561a548; suíte de contratos aprovada. Isto não comprova a cadeia comercial real.","Campo existe, mas escopo não é exigido quando há valor/faixa. QUOTE/F08."
"UX63","Evento versus recebimento","P","P","REAVALIADO_CODIGO_TESTES_OU_ESTADO_REMOTO","Ordem entre recebimento/evento validada; casos de evento passado, ausência de prazo e viabilidade operacional não integralmente certificados.","Campos separados existem; relação entre datas e faixas ainda incompleta. QUOTE/F08."
"UX64","Formulário com menos esforço","P","P","REAVALIADO_CODIGO_TESTES_OU_ESTADO_REMOTO","Validação/rascunho têm testes; faltam ensaios completos de resposta perdida após persistência e recuperação do formulário na hospedagem real.","Labels/validação/rascunho presentes; inconsistências do briefing e falhas de ajuste continuam. QUOTE/F07/F08."
"UX65","Anexos protegidos","N","N","REAVALIADO_CODIGO_TESTES_OU_ESTADO_REMOTO","Upload privado de logo/referência do cliente não encontrado. Bucket de PDF comercial é outro fluxo (A08).","Não encontrei upload de logo/referência do cliente. PDF comercial privado é outro fluxo. QUOTE/DATA."
"UX66","Envio único do orçamento","I","I","ESCOPO_HERDADO_NAO_RETESTADO_INTEGRALMENTE","Escopo técnico mantido da matriz anterior. Não houve novo teste individual de todos os critérios desta etapa; evidência histórica abaixo não certifica produção atual. A01 afeta acesso direto às rotas que usam loadAppShell; consulte relatório.","Fluxo principal tem identidade de tentativa/persistência e testes; não estender essa conclusão ao ajuste. QUOTE/DATA/F07."
"UX67","Confirmação e próximo passo","P","P","REAVALIADO_CODIGO_TESTES_OU_ESTADO_REMOTO","Protocolo/histórico e eventos existem; encaminhamento com responsável, SLA e confirmação de recebimento comercial não demonstrados de ponta a ponta (A07).","Confirma persistência/protocolo; expectativa operacional/SLA e recebimento comercial não demonstrados. QUOTE/F13."
"UX68","Cópia por e-mail","E","N","REAVALIADO_CODIGO_TESTES_OU_ESTADO_REMOTO","Cópia automática por e-mail não implementada operacionalmente: tabela de auditoria não substitui fila, worker, provedor, retries e entrega. Há dependências externas além do código faltante (A07).","Provedor/remetente/domínio e cadeia de entrega não ativos/comprovados; implementação operacional também falta. README/F13."
"UX69","WhatsApp opcional automático","E","N","REAVALIADO_CODIGO_TESTES_OU_ESTADO_REMOTO","WhatsApp aberto pelo visitante não é envio automático. Faltam implementação de entrega, provedor/número/template e consentimento próprio; dependências externas não tornam a função pronta (A07).","Links iniciados pelo visitante existem; automação requer opt-in/provedor/template e worker. F13."
"UX70","Passagem ao atendimento","P","P","REAVALIADO_CODIGO_TESTES_OU_ESTADO_REMOTO","Protocolo/histórico e eventos existem; encaminhamento com responsável, SLA e confirmação de recebimento comercial não demonstrados de ponta a ponta (A07).","Solicitação persiste; responsável, fila comercial e acompanhamento real não comprovados. DATA/ACCOUNT/F13."
"UX71","Método principal de acesso","I","I","ESCOPO_HERDADO_NAO_RETESTADO_INTEGRALMENTE","Escopo técnico mantido da matriz anterior. Não houve novo teste individual de todos os critérios desta etapa; evidência histórica abaixo não certifica produção atual. A01 afeta acesso direto às rotas que usam loadAppShell; consulte relatório.","Login sem obrigatoriedade no primeiro orçamento e opções explícitas de acesso. AUTH."
"UX72","Campos de autenticação","I","I","ESCOPO_HERDADO_NAO_RETESTADO_INTEGRALMENTE","Escopo técnico mantido da matriz anterior. Não houve novo teste individual de todos os critérios desta etapa; evidência histórica abaixo não certifica produção atual. A01 afeta acesso direto às rotas que usam loadAppShell; consulte relatório.","Exibição/ocultação, validação e mensagens implementadas. AUTH/QA."
"UX73","Recuperação e expiração","P","P","REAVALIADO_CODIGO_TESTES_OU_ESTADO_REMOTO","Rotas/clientes de autenticação existem e allowlist foi versionada; configuração remota e ciclo atual de entrega/recuperação/refresh não revalidados. Há evidência histórica de testes reais em 09/09, não prova atual. Entrada direta afetada por A01.","Rotas e estados existem; entrega de e-mail/expiração/reenvio não revalidados ponta a ponta com contas reais. AUTH."
"UX74","Histórico por campanha","I","I","ESCOPO_HERDADO_NAO_RETESTADO_INTEGRALMENTE","Escopo técnico mantido da matriz anterior. Não houve novo teste individual de todos os critérios desta etapa; evidência histórica abaixo não certifica produção atual. A01 afeta acesso direto às rotas que usam loadAppShell; consulte relatório.","Lista com busca/filtros/paginação e contexto de pedidos implementada. ACCOUNT/DATA."
"UX75","Timeline acionável","P","P","REAVALIADO_CODIGO_TESTES_OU_ESTADO_REMOTO","Protocolo/histórico e eventos existem; encaminhamento com responsável, SLA e confirmação de recebimento comercial não demonstrados de ponta a ponta (A07).","Eventos reais são apresentados; responsabilidade e ação comercial seguinte não estão fechadas. ACCOUNT/F13."
"UX76","Versões de proposta","P","P","REAVALIADO_CODIGO_TESTES_OU_ESTADO_REMOTO","Consulta de versões e assinatura privada presentes/testadas; fluxo comercial real publicar→abrir→expirar→ajustar ainda sem comprovação atual (A07).","Metadados/versionamento/download privado presentes; operação de publicação e ciclo de validade precisam comprovação. ACCOUNT/DATA/F13."
"UX77","Pedidos de ajuste","P","P","REAVALIADO_CODIGO_TESTES_OU_ESTADO_REMOTO","Idempotência e bloqueio durante ajuste cobertos no código/testes. Falta browser de resposta perdida após persistência e recebimento pelo responsável comercial.","Persistência existe; retry pode duplicar, mensagem de erro é incorreta e entrega comercial não comprovada. ACCOUNT/F07/F13."
"UX78","Repetir campanha sem perda","P","P","ESCOPO_HERDADO_NAO_RETESTADO_INTEGRALMENTE","Escopo técnico mantido da matriz anterior. Não houve novo teste individual de todos os critérios desta etapa; evidência histórica abaixo não certifica produção atual. A01 afeta acesso direto às rotas que usam loadAppShell; consulte relatório.","Histórico confirma substituição e preserva snapshot; revalidação completa de produtos retirados/regras atuais não demonstrada. ACCOUNT/PROD."
"UX79","Isolamento e compartilhamento","P","P","REAVALIADO_CODIGO_TESTES_OU_ESTADO_REMOTO","101 pgTAP passam localmente. Há 14 migrations versionadas; dry-run remoto retorna 403 e check Supabase Preview falha por versões remotas ausentes localmente. Ledger/pg_catalog remotos não reconciliados (A04).","Isolamento RPC/Storage testado; analytics, revogação e ciclo de rascunho têm lacunas. DATA/F03/F04/F11."
"UX80","Dados e preferências","P","P","REAVALIADO_CODIGO_TESTES_OU_ESTADO_REMOTO","101 pgTAP passam localmente. Há 14 migrations versionadas; dry-run remoto retorna 403 e check Supabase Preview falha por versões remotas ausentes localmente. Ledger/pg_catalog remotos não reconciliados (A04).","Aviso e retenção parcial existem; autosserviço de direitos/preferências e descarte de links não completos. DATA/F06/F11."
"UX81","Online/PDF/revista distintos","I","I","REAVALIADO_CODIGO_TESTES_OU_ESTADO_REMOTO","Biblioteca e capas online implementadas no escopo de código. Dez entradas online; não equivalem a PDF/revista governados. A abertura direta da biblioteca está bloqueada pelo defeito A01.","Modelo distingue formatos e entradas atuais são corretamente online; isso não entrega biblioteca PDF. LIB."
"UX82","Capas com produtos reais","I","I","REAVALIADO_CODIGO_TESTES_OU_ESTADO_REMOTO","Biblioteca e capas online implementadas no escopo de código. Dez entradas online; não equivalem a PDF/revista governados. A abertura direta da biblioteca está bloqueada pelo defeito A01.","Prévia por consulta pública, carregamento/fallback implementados. LIB."
"UX83","Coleções por campanha","P","P","REAVALIADO_CODIGO_TESTES_OU_ESTADO_REMOTO","Finder corrigido no recorte onboarding, mas ideaLandings e catalogLibrary ainda impõem perfil=kits. Falta conjunto de relevância comercial julgado e revisão de coerência (A06).","Dez coleções editoriais online; resultados ainda genéricos e governança de curadoria incompleta. LIB/CUR/F09."
"UX84","Governar publicações/downloads","N","N","REAVALIADO_CODIGO_TESTES_OU_ESTADO_REMOTO","Todas as dez entradas são online. Publicação, revisão, download e manutenção governados de PDF/revista não implementados (A08).","Não há fluxo completo de PDFs/revistas com publicação, edição, revisão e download governado. LIB."
"UX85","Oportunidades futuras","I","I","ESCOPO_HERDADO_NAO_RETESTADO_INTEGRALMENTE","Escopo técnico mantido da matriz anterior. Não houve novo teste individual de todos os critérios desta etapa; evidência histórica abaixo não certifica produção atual. A01 afeta acesso direto às rotas que usam loadAppShell; consulte relatório.","Agenda calcula datas por ano e privilegia planejamento futuro. DATE."
"UX86","Proximidade e viabilidade","P","P","ESCOPO_HERDADO_NAO_RETESTADO_INTEGRALMENTE","Escopo técnico mantido da matriz anterior. Não houve novo teste individual de todos os critérios desta etapa; evidência histórica abaixo não certifica produção atual. A01 afeta acesso direto às rotas que usam loadAppShell; consulte relatório.","Janelas de planejamento existem; não equivalem a viabilidade operacional confirmada. DATE/DOC."
"UX87","Agenda móvel","I","I","ESCOPO_HERDADO_NAO_RETESTADO_INTEGRALMENTE","Escopo técnico mantido da matriz anterior. Não houve novo teste individual de todos os critérios desta etapa; evidência histórica abaixo não certifica produção atual. A01 afeta acesso direto às rotas que usam loadAppShell; consulte relatório.","Modos de consulta/filtros e layout móvel implementados. DATE/QA."
"UX88","Favoritos no planejamento","P","P","ESCOPO_HERDADO_NAO_RETESTADO_INTEGRALMENTE","Escopo técnico mantido da matriz anterior. Não houve novo teste individual de todos os critérios desta etapa; evidência histórica abaixo não certifica produção atual. A01 afeta acesso direto às rotas que usam loadAppShell; consulte relatório.","Favoritos locais existem; sincronização e validação de recorrência/undo no ciclo anual incompletas. DATE/F11."
"UX89","Exportação de calendário","P","P","ESCOPO_HERDADO_NAO_RETESTADO_INTEGRALMENTE","Escopo técnico mantido da matriz anterior. Não houve novo teste individual de todos os critérios desta etapa; evidência histórica abaixo não certifica produção atual. A01 afeta acesso direto às rotas que usam loadAppShell; consulte relatório.","ICS tem cálculo/escape/UID e testes; importação em calendários reais não comprovada. DATE/QA."
"UX90","Ocasião→coleção→briefing","I","I","ESCOPO_HERDADO_NAO_RETESTADO_INTEGRALMENTE","Escopo técnico mantido da matriz anterior. Não houve novo teste individual de todos os critérios desta etapa; evidência histórica abaixo não certifica produção atual. A01 afeta acesso direto às rotas que usam loadAppShell; consulte relatório.","Contexto trafega por URLs/seleção e pode ser revisado. DATE/CUR/QUOTE."
"UX91","Compradores reais","E","E","ESCOPO_HERDADO_NAO_RETESTADO_INTEGRALMENTE","Escopo técnico mantido da matriz anterior. Não houve novo teste individual de todos os critérios desta etapa; evidência histórica abaixo não certifica produção atual. A01 afeta acesso direto às rotas que usam loadAppShell; consulte relatório.","Não há relatório de sessões reais; persona simulada e auditoria técnica não substituem participantes. DOC."
"UX92","Funil com minimização","P","P","REAVALIADO_CODIGO_TESTES_OU_ESTADO_REMOTO","Redação de caminhos sensíveis/allowlist tem testes; destino real dos eventos, deduplicação, consentimento e métricas operacionais não integralmente comprovados (A09).","Allowlist presente; pathname sensível não redigido, chegada/deduplicação de métricas não comprovadas. METRIC/F04."
"UX93","Orçamento de desempenho","P","P","REAVALIADO_CODIGO_TESTES_OU_ESTADO_REMOTO","CI de 561a548 aprovou build e orçamento de assets. Não há aceite atual de CWV de campo por dispositivo; status 200 não garante carregamento da aplicação (A01/A09).","Gate de assets passa; faltam CWV de campo por dispositivo e comparação de jornada real. METRIC/QA."
"UX94","Acessibilidade manual","P","P","REAVALIADO_CODIGO_TESTES_OU_ESTADO_REMOTO","Automação/axe e teclado em templates locais são evidência parcial. Falta auditoria integral manual com leitor de tela, zoom e dispositivos físicos (A09).","Automação e padrões presentes; leitores de tela/reflow completo/interações novas ainda não certificados. QA/F01–F03."
"UX95","Dispositivos/navegadores reais","P","P","REAVALIADO_CODIGO_TESTES_OU_ESTADO_REMOTO","CI do HEAD: Chromium 64 aprovados/4 excluídos; Firefox+WebKit 58 aprovados/10 excluídos. Não representam 122 fluxos únicos nem dispositivos físicos.","Projetos Chromium/Firefox/WebKit existem; emulação não substitui Safari/iOS e Android físicos. QA."
"UX96","Movimento intencional","I","I","ESCOPO_HERDADO_NAO_RETESTADO_INTEGRALMENTE","Escopo técnico mantido da matriz anterior. Não houve novo teste individual de todos os critérios desta etapa; evidência histórica abaixo não certifica produção atual. A01 afeta acesso direto às rotas que usam loadAppShell; consulte relatório.","Fold/Glitch pontuais e redução de movimento implementados. HOME/QA."
"UX97","SEO técnico","P","P","REAVALIADO_CODIGO_TESTES_OU_ESTADO_REMOTO","Titles/canonical e noindex privado evoluíram. Produção entrega HTML de login da Vercel em rotas públicas/privadas, sem root React; 404 editorial correto não encerra SEO/experiência (A01).","Produto/sitemap evoluídos; HTML inicial e HTTP de outras rotas incompletos. SEO/F05."
"UX98","Dados seguros/reversíveis","P","P","REAVALIADO_CODIGO_TESTES_OU_ESTADO_REMOTO","101 pgTAP passam localmente. Há 14 migrations versionadas; dry-run remoto retorna 403 e check Supabase Preview falha por versões remotas ausentes localmente. Ledger/pg_catalog remotos não reconciliados (A04).","Guardas e testes bons; retenção nova, prova de recuperação e integração remota ainda incompletas. DATA/F06."
"UX99","Matriz ponta a ponta/resiliência","P","P","REAVALIADO_CODIGO_TESTES_OU_ESTADO_REMOTO","R01–R04 anteriores corrigidos no recorte verificado; 161 testes passam. Reproduzidos novos defeitos A01 (shell em produção), A02 (digitação na ficha) e A03 (variantes ausentes). Falta gate real da hospedagem.","E2E não força flag persistente no comando de build; novos cenários revelaram falhas não cobertas. QA/F01–F12."
"UX100","Publicar e reavaliar","P","P","REAVALIADO_CODIGO_TESTES_OU_ESTADO_REMOTO","HEAD local=main remoto=561a5488 em 12/09. Quatro checks GitHub aprovados e Supabase Preview falhou. Alias público tem regressão A01; publicação não pode receber aceite global.","Deploy Ready/CI principal verde; Supabase Preview falha e não há ciclo completo de métricas/aceite. QA/DOC."
"LK01","Linha de base real","I","I","ESCOPO_HERDADO_NAO_RETESTADO_INTEGRALMENTE","Escopo técnico mantido da matriz anterior. Não houve novo teste individual de todos os critérios desta etapa; evidência histórica abaixo não certifica produção atual. A01 afeta acesso direto às rotas que usam loadAppShell; consulte relatório.","Inventário e confronto atual registrados; evidências remotas separadas. DOC/QA."
"LK02","Tarefas com compradores","E","E","ESCOPO_HERDADO_NAO_RETESTADO_INTEGRALMENTE","Escopo técnico mantido da matriz anterior. Não houve novo teste individual de todos os critérios desta etapa; evidência histórica abaixo não certifica produção atual. A01 afeta acesso direto às rotas que usam loadAppShell; consulte relatório.","Falta recrutamento e sessões documentadas. UX20/91."
"LK03","Acervo autorizado","E","E","ESCOPO_HERDADO_NAO_RETESTADO_INTEGRALMENTE","Escopo técnico mantido da matriz anterior. Não houve novo teste individual de todos os critérios desta etapa; evidência histórica abaixo não certifica produção atual. A01 afeta acesso direto às rotas que usam loadAppShell; consulte relatório.","Registro de direitos/fontes/responsáveis para prova social não encontrado. DOC."
"LK04","Contratos visuais/marca","I","I","ESCOPO_HERDADO_NAO_RETESTADO_INTEGRALMENTE","Escopo técnico mantido da matriz anterior. Não houve novo teste individual de todos os critérios desta etapa; evidência histórica abaixo não certifica produção atual. A01 afeta acesso direto às rotas que usam loadAppShell; consulte relatório.","Tokens, frases e badge único protegidos em implementação/testes. HOME/PROD."
"LK05","Protótipo antes do desenvolvimento","P","P","ESCOPO_HERDADO_NAO_RETESTADO_INTEGRALMENTE","Escopo técnico mantido da matriz anterior. Não houve novo teste individual de todos os critérios desta etapa; evidência histórica abaixo não certifica produção atual. A01 afeta acesso direto às rotas que usam loadAppShell; consulte relatório.","Interface implementada não comprova prototipação e aceite prévios com público. DOC/NAV."
"LK06","Hero fotográfico próprio","P","P","ESCOPO_HERDADO_NAO_RETESTADO_INTEGRALMENTE","Escopo técnico mantido da matriz anterior. Não houve novo teste individual de todos os critérios desta etapa; evidência histórica abaixo não certifica produção atual. A01 afeta acesso direto às rotas que usam loadAppShell; consulte relatório.","Asset editorial e CTAs presentes; não confundir imagem ilustrativa com prova de operação real. HOME/DOC."
"LK07","Hero móvel","I","I","ESCOPO_HERDADO_NAO_RETESTADO_INTEGRALMENTE","Escopo técnico mantido da matriz anterior. Não houve novo teste individual de todos os critérios desta etapa; evidência histórica abaixo não certifica produção atual. A01 afeta acesso direto às rotas que usam loadAppShell; consulte relatório.","Texto HTML, composição responsiva e dimensões implementados. HOME/QA."
"LK08","Manifesto protegido","I","I","REAVALIADO_CODIGO_TESTES_OU_ESTADO_REMOTO","Frases da marca permanecem na home/elementos editoriais, inclusive texto repartido em elementos JSX. Não confundir busca literal simples com ausência na interface.","Quatro frases presentes com cobertura textual. HOME/QA."
"LK09","Reduzir repetição da home","P","P","ESCOPO_HERDADO_NAO_RETESTADO_INTEGRALMENTE","Escopo técnico mantido da matriz anterior. Não houve novo teste individual de todos os critérios desta etapa; evidência histórica abaixo não certifica produção atual. A01 afeta acesso direto às rotas que usam loadAppShell; consulte relatório.","Melhorias estruturais existem; auditoria de compreensão/seções redundantes não encerrada. HOME."
"LK10","Categorias fotográficas","N","N","ESCOPO_HERDADO_NAO_RETESTADO_INTEGRALMENTE","Escopo técnico mantido da matriz anterior. Não houve novo teste individual de todos os critérios desta etapa; evidência histórica abaixo não certifica produção atual. A01 afeta acesso direto às rotas que usam loadAppShell; consulte relatório.","Cards principais continuam dominados por ícones. HOME."
"LK11","Cabeçalho por tarefas","I","I","ESCOPO_HERDADO_NAO_RETESTADO_INTEGRALMENTE","Escopo técnico mantido da matriz anterior. Não houve novo teste individual de todos os critérios desta etapa; evidência histórica abaixo não certifica produção atual. A01 afeta acesso direto às rotas que usam loadAppShell; consulte relatório.","Navegação por destino/tarefa implementada. NAV."
"LK12","Menu visual de categorias","P","P","ESCOPO_HERDADO_NAO_RETESTADO_INTEGRALMENTE","Escopo técnico mantido da matriz anterior. Não houve novo teste individual de todos os critérios desta etapa; evidência histórica abaixo não certifica produção atual. A01 afeta acesso direto às rotas que usam loadAppShell; consulte relatório.","Agrupamentos/menu acessível existem; proposta fotográfica e sua validação não completas. NAV/CAT."
"LK13","Navegação móvel","I","I","ESCOPO_HERDADO_NAO_RETESTADO_INTEGRALMENTE","Escopo técnico mantido da matriz anterior. Não houve novo teste individual de todos os critérios desta etapa; evidência histórica abaixo não certifica produção atual. A01 afeta acesso direto às rotas que usam loadAppShell; consulte relatório.","Busca, filtros e seleção acessíveis no fluxo móvel automatizado. NAV/QA."
"LK14","Coleções por campanha","P","P","REAVALIADO_CODIGO_TESTES_OU_ESTADO_REMOTO","Finder corrigido no recorte onboarding, mas ideaLandings e catalogLibrary ainda impõem perfil=kits. Falta conjunto de relevância comercial julgado e revisão de coerência (A06).","Atalhos/editoriais existem; intenção nem sempre produz seleção distinta. CUR/F09."
"LK15","Editorial com revisão/validade","P","P","ESCOPO_HERDADO_NAO_RETESTADO_INTEGRALMENTE","Escopo técnico mantido da matriz anterior. Não houve novo teste individual de todos os critérios desta etapa; evidência histórica abaixo não certifica produção atual. A01 afeta acesso direto às rotas que usam loadAppShell; consulte relatório.","Conteúdo cadastrado em código; rotina com responsável e expiração editorial não encontrada. LIB/CUR."
"LK16","Imagens e fallback","I","I","ESCOPO_HERDADO_NAO_RETESTADO_INTEGRALMENTE","Escopo técnico mantido da matriz anterior. Não houve novo teste individual de todos os critérios desta etapa; evidência histórica abaixo não certifica produção atual. A01 afeta acesso direto às rotas que usam loadAppShell; consulte relatório.","Dimensões, carregamento e fallback implementados em catálogo/produto. PROD/LIB."
"LK17","Curadoria real","P","P","ESCOPO_HERDADO_NAO_RETESTADO_INTEGRALMENTE","Escopo técnico mantido da matriz anterior. Não houve novo teste individual de todos os critérios desta etapa; evidência histórica abaixo não certifica produção atual. A01 afeta acesso direto às rotas que usam loadAppShell; consulte relatório.","Usa produtos reais e flags; critérios de escolha/revisão/diversidade não comprovados. CUR/F09."
"LK18","Um badge por card","I","I","REAVALIADO_CODIGO_TESTES_OU_ESTADO_REMOTO","Regra de badge único preservada com testes de navegadores; não implica composição de kits implementada.","Novidade/kit/personalização têm precedência única testada. PROD."
"LK19","Informações no card","I","I","ESCOPO_HERDADO_NAO_RETESTADO_INTEGRALMENTE","Escopo técnico mantido da matriz anterior. Não houve novo teste individual de todos os critérios desta etapa; evidência histórica abaixo não certifica produção atual. A01 afeta acesso direto às rotas que usam loadAppShell; consulte relatório.","Mínimo, cores, resumo e ausência de mínimo conhecidos têm apresentação própria. PROD."
"LK20","Busca aprofundada","P","P","REAVALIADO_CODIGO_TESTES_OU_ESTADO_REMOTO","Finder corrigido no recorte onboarding, mas ideaLandings e catalogLibrary ainda impõem perfil=kits. Falta conjunto de relevância comercial julgado e revisão de coerência (A06).","Sinônimos e testes existem; falta matriz de relevância real revisada pelo comercial. CAT/F09."
"LK21","Galeria","I","I","ESCOPO_HERDADO_NAO_RETESTADO_INTEGRALMENTE","Escopo técnico mantido da matriz anterior. Não houve novo teste individual de todos os critérios desta etapa; evidência histórica abaixo não certifica produção atual. A01 afeta acesso direto às rotas que usam loadAppShell; consulte relatório.","Miniaturas, variante, zoom e fallback implementados. PROD/QA."
"LK22","Técnica/personalização","P","P","ESCOPO_HERDADO_NAO_RETESTADO_INTEGRALMENTE","Escopo técnico mantido da matriz anterior. Não houve novo teste individual de todos os critérios desta etapa; evidência histórica abaixo não certifica produção atual. A01 afeta acesso direto às rotas que usam loadAppShell; consulte relatório.","Ficha e FAQ existem; exemplos/técnicas confirmados por família não completos. PROD/UX47."
"LK23","Mínimo/múltiplo/estimativa","P","P","REAVALIADO_CODIGO_TESTES_OU_ESTADO_REMOTO","Drawer recebeu edição por rascunho/blur. Ficha ProductPage.tsx:201 continua normalizando a cada tecla; mínimo 50 + apagar/digitar 250 resultou 50250 em Chromium local (A02).","Mínimo tratado; edição natural e múltiplos comprovados precisam contrato/validação adicionais. PROD/F10."
"LK24","Comparar três produtos","I","I","ESCOPO_HERDADO_NAO_RETESTADO_INTEGRALMENTE","Escopo técnico mantido da matriz anterior. Não houve novo teste individual de todos os critérios desta etapa; evidência histórica abaixo não certifica produção atual. A01 afeta acesso direto às rotas que usam loadAppShell; consulte relatório.","Comparação enxuta e persistente em sessão implementada. PROD/QA."
"LK25","Relacionados/compartilhar produto","P","P","ESCOPO_HERDADO_NAO_RETESTADO_INTEGRALMENTE","Escopo técnico mantido da matriz anterior. Não houve novo teste individual de todos os critérios desta etapa; evidência histórica abaixo não certifica produção atual. A01 afeta acesso direto às rotas que usam loadAppShell; consulte relatório.","Funções existem; diversidade por intenção e cancelamento/nativo em toda a matriz não comprovados. PROD/QA."
"LK26","SKU kit versus composição","P","P","REAVALIADO_CODIGO_TESTES_OU_ESTADO_REMOTO","Identificação de SKU kit e seleção com variantes/grupos existem; composição versionada de kits montados não existe (A08).","Kit SKU identificado; modelo completo de conjunto montado ainda não existe. PROD/CART."
"LK27","Modelos de composição","N","N","REAVALIADO_CODIGO_TESTES_OU_ESTADO_REMOTO","Não encontrados templates substituíveis, configurador nem aritmética kits × unidades por componente (A08).","Coleções de kits não são templates substituíveis de componentes reais. CUR/PROD."
"LK28","Escolher/substituir componentes","N","N","REAVALIADO_CODIGO_TESTES_OU_ESTADO_REMOTO","Não encontrados templates substituíveis, configurador nem aritmética kits × unidades por componente (A08).","Configurador de composição não encontrado. PROD/CART."
"LK29","Aritmética dos conjuntos","N","N","REAVALIADO_CODIGO_TESTES_OU_ESTADO_REMOTO","Não encontrados templates substituíveis, configurador nem aritmética kits × unidades por componente (A08).","Não há modelo kits × unidades de componentes com validação dedicada. QUOTE."
"LK30","Composição no briefing","P","P","REAVALIADO_CODIGO_TESTES_OU_ESTADO_REMOTO","Identificação de SKU kit e seleção com variantes/grupos existem; composição versionada de kits montados não existe (A08).","Variantes/grupos decisórios persistem, mas não representam composição versionada de kits. CART/QUOTE/F12."
"LK31","Prova social autorizada","E","E","ESCOPO_HERDADO_NAO_RETESTADO_INTEGRALMENTE","Escopo técnico mantido da matriz anterior. Não houve novo teste individual de todos os critérios desta etapa; evidência histórica abaixo não certifica produção atual. A01 afeta acesso direto às rotas que usam loadAppShell; consulte relatório.","Falta acervo com comprovação/permissão de uso. DOC."
"LK32","Três cases reais","E","E","ESCOPO_HERDADO_NAO_RETESTADO_INTEGRALMENTE","Escopo técnico mantido da matriz anterior. Não houve novo teste individual de todos os critérios desta etapa; evidência histórica abaixo não certifica produção atual. A01 afeta acesso direto às rotas que usam loadAppShell; consulte relatório.","Não encontrei três estudos verificáveis publicados. HOME/DOC."
"LK33","Personalização em detalhe","E","E","ESCOPO_HERDADO_NAO_RETESTADO_INTEGRALMENTE","Escopo técnico mantido da matriz anterior. Não houve novo teste individual de todos os critérios desta etapa; evidência histórica abaixo não certifica produção atual. A01 afeta acesso direto às rotas que usam loadAppShell; consulte relatório.","Depende de fotos correspondentes base/simulação/produção real autorizadas. DOC/PROD."
"LK34","Time e bastidores","E","E","ESCOPO_HERDADO_NAO_RETESTADO_INTEGRALMENTE","Escopo técnico mantido da matriz anterior. Não houve novo teste individual de todos os critérios desta etapa; evidência histórica abaixo não certifica produção atual. A01 afeta acesso direto às rotas que usam loadAppShell; consulte relatório.","Texto institucional não equivale a pessoas/processos reais com consentimento de imagem. HOME/DOC."
"LK35","Qualidade/ambiente comprovados","P","P","ESCOPO_HERDADO_NAO_RETESTADO_INTEGRALMENTE","Escopo técnico mantido da matriz anterior. Não houve novo teste individual de todos os critérios desta etapa; evidência histórica abaixo não certifica produção atual. A01 afeta acesso direto às rotas que usam loadAppShell; consulte relatório.","Linguagem cautelosa existe; lastro documental e revisão de todas as alegações não demonstrados. HOME/PROD."
"LK36","Catálogo editorial nativo","P","P","REAVALIADO_CODIGO_TESTES_OU_ESTADO_REMOTO","Finder corrigido no recorte onboarding, mas ideaLandings e catalogLibrary ainda impõem perfil=kits. Falta conjunto de relevância comercial julgado e revisão de coerência (A06).","Biblioteca online existe; curadoria efetiva e conteúdo de campanha ainda precisam evolução. LIB/CUR/F09."
"LK37","Compartilhar seleção inteira","P","P","REAVALIADO_CODIGO_TESTES_OU_ESTADO_REMOTO","Limite 50, variantes longas e gestão local de links corrigidos/testados; troca para revogado passou na simulação. Variantes ausentes ainda perdem identidade/quantidade (A03); acesso direto afetado por A01 e estado remoto não certificado.","Persistência opaca ativa, mas oito itens e falhas de revogação/continuidade/indexação. SHARE/F01–F05/F12."
"LK38","Exportar para aprovação","P","P","ESCOPO_HERDADO_NAO_RETESTADO_INTEGRALMENTE","Escopo técnico mantido da matriz anterior. Não houve novo teste individual de todos os critérios desta etapa; evidência histórica abaixo não certifica produção atual. A01 afeta acesso direto às rotas que usam loadAppShell; consulte relatório.","Impressão disponível; PDF final longo e contratos de composição não totalmente validados. CART/QUOTE."
"LK39","Guias úteis","P","P","ESCOPO_HERDADO_NAO_RETESTADO_INTEGRALMENTE","Escopo técnico mantido da matriz anterior. Não houve novo teste individual de todos os critérios desta etapa; evidência histórica abaixo não certifica produção atual. A01 afeta acesso direto às rotas que usam loadAppShell; consulte relatório.","Landings editoriais existem; autoria/revisão e profundidade prática precisam comprovação. CUR/DOC."
"LK40","Projeto especial","E","E","ESCOPO_HERDADO_NAO_RETESTADO_INTEGRALMENTE","Escopo técnico mantido da matriz anterior. Não houve novo teste individual de todos os critérios desta etapa; evidência histórica abaixo não certifica produção atual. A01 afeta acesso direto às rotas que usam loadAppShell; consulte relatório.","Depende de confirmação comercial de serviço; formulário genérico não equivale a jornada específica aprovada. DOC/QUOTE."
"LK41","Selecionar versus enviar","I","I","ESCOPO_HERDADO_NAO_RETESTADO_INTEGRALMENTE","Escopo técnico mantido da matriz anterior. Não houve novo teste individual de todos os critérios desta etapa; evidência histórica abaixo não certifica produção atual. A01 afeta acesso direto às rotas que usam loadAppShell; consulte relatório.","Estados e textos distinguem salvar de solicitar; sucesso principal depende de persistência. CART/QUOTE."
"LK42","Formulário enxuto","P","P","REAVALIADO_CODIGO_TESTES_OU_ESTADO_REMOTO","Validação/rascunho têm testes; faltam ensaios completos de resposta perdida após persistência e recuperação do formulário na hospedagem real.","Rascunho/labels/servidor presentes; gaps de verba e datas permanecem. QUOTE/F08."
"LK43","Logo/referências privadas","N","N","REAVALIADO_CODIGO_TESTES_OU_ESTADO_REMOTO","Upload privado de logo/referência do cliente não encontrado. Bucket de PDF comercial é outro fluxo (A08).","Upload do cliente ausente; não confundir com propostas do atendimento. QUOTE/DATA."
"LK44","WhatsApp iniciado pelo visitante","P","P","ESCOPO_HERDADO_NAO_RETESTADO_INTEGRALMENTE","Escopo técnico mantido da matriz anterior. Não houve novo teste individual de todos os critérios desta etapa; evidência histórica abaixo não certifica produção atual. A01 afeta acesso direto às rotas que usam loadAppShell; consulte relatório.","Links contextuais existem; número oficial e todas as mensagens precisam validação operacional. NAV/QUOTE."
"LK45","E-mail auditável","E","N","REAVALIADO_CODIGO_TESTES_OU_ESTADO_REMOTO","Cópia automática por e-mail não implementada operacionalmente: tabela de auditoria não substitui fila, worker, provedor, retries e entrega. Há dependências externas além do código faltante (A07).","Provedor/configuração e implementação completa de entrega ainda pendentes. F13."
"LK46","Acessibilidade contínua","P","P","REAVALIADO_CODIGO_TESTES_OU_ESTADO_REMOTO","Automação/axe e teclado em templates locais são evidência parcial. Falta auditoria integral manual com leitor de tela, zoom e dispositivos físicos (A09).","Automação existe; novos fluxos e testes assistivos manuais pendentes. QA."
"LK47","Desempenho real","P","P","REAVALIADO_CODIGO_TESTES_OU_ESTADO_REMOTO","CI de 561a548 aprovou build e orçamento de assets. Não há aceite atual de CWV de campo por dispositivo; status 200 não garante carregamento da aplicação (A01/A09).","Gate de assets passa; comparação de laboratório/CWV de campo não concluída. METRIC."
"LK48","SEO sem checkout","P","P","REAVALIADO_CODIGO_TESTES_OU_ESTADO_REMOTO","Titles/canonical e noindex privado evoluíram. Produção entrega HTML de login da Vercel em rotas públicas/privadas, sem root React; 404 editorial correto não encerra SEO/experiência (A01).","Produto sem ofertas fictícias; rotas SPA ainda têm problemas de metadata/status. SEO/F05."
"LK49","Medir funil seguro","P","P","REAVALIADO_CODIGO_TESTES_OU_ESTADO_REMOTO","Redação de caminhos sensíveis/allowlist tem testes; destino real dos eventos, deduplicação, consentimento e métricas operacionais não integralmente comprovados (A09).","Eventos tipados existem; sanitização/chegada/deduplicação não encerradas. METRIC/F04."
"LK50","Publicar com reversão","P","P","REAVALIADO_CODIGO_TESTES_OU_ESTADO_REMOTO","HEAD local=main remoto=561a5488 em 12/09. Quatro checks GitHub aprovados e Supabase Preview falhou. Alias público tem regressão A01; publicação não pode receber aceite global.","Site publicado, mas integração Supabase Preview falha e faltam aceites operacionais. QA/DATA."
"GR01","Delimitar raiz/site","I","I","ESCOPO_HERDADO_NAO_RETESTADO_INTEGRALMENTE","Escopo técnico mantido da matriz anterior. Não houve novo teste individual de todos os critérios desta etapa; evidência histórica abaixo não certifica produção atual. A01 afeta acesso direto às rotas que usam loadAppShell; consulte relatório.","Wrapper e configuração fixam escopo do site. GRAPH."
"GR02","Linha de base","I","I","ESCOPO_HERDADO_NAO_RETESTADO_INTEGRALMENTE","Escopo técnico mantido da matriz anterior. Não houve novo teste individual de todos os critérios desta etapa; evidência histórica abaixo não certifica produção atual. A01 afeta acesso direto às rotas que usam loadAppShell; consulte relatório.","Metadados, versão e commit registrados; mapa atual conferido. GRAPH."
"GR03","Dez perguntas de valor","P","P","ESCOPO_HERDADO_NAO_RETESTADO_INTEGRALMENTE","Escopo técnico mantido da matriz anterior. Não houve novo teste individual de todos os critérios desta etapa; evidência histórica abaixo não certifica produção atual. A01 afeta acesso direto às rotas que usam loadAppShell; consulte relatório.","Perguntas documentadas; benchmark reproduzível com respostas julgadas não entregue. GRAPH/DOC."
"GR04","Responsabilidades","P","P","ESCOPO_HERDADO_NAO_RETESTADO_INTEGRALMENTE","Escopo técnico mantido da matriz anterior. Não houve novo teste individual de todos os critérios desta etapa; evidência histórica abaixo não certifica produção atual. A01 afeta acesso direto às rotas que usam loadAppShell; consulte relatório.","Papéis descritos; responsável nominal e transferência operacional não comprovados. DOC."
"GR05","Decisão arquitetural","I","I","ESCOPO_HERDADO_NAO_RETESTADO_INTEGRALMENTE","Escopo técnico mantido da matriz anterior. Não houve novo teste individual de todos os critérios desta etapa; evidência histórica abaixo não certifica produção atual. A01 afeta acesso direto às rotas que usam loadAppShell; consulte relatório.","Geração local/artefatos CI, sem dependência do runtime público. GRAPH."
"GR06","Versão/ambiente fixos","I","I","ESCOPO_HERDADO_NAO_RETESTADO_INTEGRALMENTE","Escopo técnico mantido da matriz anterior. Não houve novo teste individual de todos os critérios desta etapa; evidência histórica abaixo não certifica produção atual. A01 afeta acesso direto às rotas que usam loadAppShell; consulte relatório.","Graphify 0.9.48 fixado; doctor/CI verificam ambiente. GRAPH."
"GR07","Configuração versionada","I","I","ESCOPO_HERDADO_NAO_RETESTADO_INTEGRALMENTE","Escopo técnico mantido da matriz anterior. Não houve novo teste individual de todos os critérios desta etapa; evidência histórica abaixo não certifica produção atual. A01 afeta acesso direto às rotas que usam loadAppShell; consulte relatório.","Arquivo próprio com escopo, limites e validação. GRAPH."
"GR08","Corpus inicial","P","P","ESCOPO_HERDADO_NAO_RETESTADO_INTEGRALMENTE","Escopo técnico mantido da matriz anterior. Não houve novo teste individual de todos os critérios desta etapa; evidência histórica abaixo não certifica produção atual. A01 afeta acesso direto às rotas que usam loadAppShell; consulte relatório.","Código coberto; documentação/migrations ainda não integradas por passes completos. GRAPH."
"GR09","Exclusões e caminhos","I","I","ESCOPO_HERDADO_NAO_RETESTADO_INTEGRALMENTE","Escopo técnico mantido da matriz anterior. Não houve novo teste individual de todos os critérios desta etapa; evidência histórica abaixo não certifica produção atual. A01 afeta acesso direto às rotas que usam loadAppShell; consulte relatório.","Exclusões e guardas de fronteira implementadas/testadas. GRAPH."
"GR10","Armazenamento/retenção","I","I","ESCOPO_HERDADO_NAO_RETESTADO_INTEGRALMENTE","Escopo técnico mantido da matriz anterior. Não houve novo teste individual de todos os critérios desta etapa; evidência histórica abaixo não certifica produção atual. A01 afeta acesso direto às rotas que usam loadAppShell; consulte relatório.","Artefatos fora do Git e retenção CI de 14 dias. GRAPH."
"GR11","Doctor","I","I","ESCOPO_HERDADO_NAO_RETESTADO_INTEGRALMENTE","Escopo técnico mantido da matriz anterior. Não houve novo teste individual de todos os critérios desta etapa; evidência histórica abaixo não certifica produção atual. A01 afeta acesso direto às rotas que usam loadAppShell; consulte relatório.","Diagnóstico disponível e executável. GRAPH."
"GR12","Geração estrutural sem IA","I","I","ESCOPO_HERDADO_NAO_RETESTADO_INTEGRALMENTE","Escopo técnico mantido da matriz anterior. Não houve novo teste individual de todos os critérios desta etapa; evidência histórica abaixo não certifica produção atual. A01 afeta acesso direto às rotas que usam loadAppShell; consulte relatório.","Extração estrutural não depende de chaves de IA/Supabase. GRAPH."
"GR13","Reconstruir mapa","I","I","ESCOPO_HERDADO_NAO_RETESTADO_INTEGRALMENTE","Escopo técnico mantido da matriz anterior. Não houve novo teste individual de todos os critérios desta etapa; evidência histórica abaixo não certifica produção atual. A01 afeta acesso direto às rotas que usam loadAppShell; consulte relatório.","Novo candidato validado/promovido; mapa atual consultado. GRAPH."
"GR14","Direção das relações","A","A","REAVALIADO_CODIGO_TESTES_OU_ESTADO_REMOTO","Alternativa estrutural mantida: grafo não direcionado, impacto por vizinhança, reconstrução completa e integração via CI. Não declarar direção, incremental ou hooks Git entregues; decisão de escopo não equivale ao aceite da função original.","Grafo atual é não direcional; limitações documentadas, mas requisito direcional não atendido. GRAPH."
"GR15","Identidades/caminhos","P","P","ESCOPO_HERDADO_NAO_RETESTADO_INTEGRALMENTE","Escopo técnico mantido da matriz anterior. Não houve novo teste individual de todos os critérios desta etapa; evidência histórica abaixo não certifica produção atual. A01 afeta acesso direto às rotas que usam loadAppShell; consulte relatório.","Normalização existe; precisão em todos os homônimos/escopos/aliases não avaliada por amostra. GRAPH."
"GR16","Evidência por relação","P","P","ESCOPO_HERDADO_NAO_RETESTADO_INTEGRALMENTE","Escopo técnico mantido da matriz anterior. Não houve novo teste individual de todos os critérios desta etapa; evidência histórica abaixo não certifica produção atual. A01 afeta acesso direto às rotas que usam loadAppShell; consulte relatório.","Fontes estruturais disponíveis; classificação/localização completa por relação ainda não comprovada. GRAPH."
"GR17","Integridade do grafo","I","I","ESCOPO_HERDADO_NAO_RETESTADO_INTEGRALMENTE","Escopo técnico mantido da matriz anterior. Não houve novo teste individual de todos os critérios desta etapa; evidência histórica abaixo não certifica produção atual. A01 afeta acesso direto às rotas que usam loadAppShell; consulte relatório.","Validação de IDs/endpoints e estrutura presente com testes. GRAPH."
"GR18","Comunidades","P","P","ESCOPO_HERDADO_NAO_RETESTADO_INTEGRALMENTE","Escopo técnico mantido da matriz anterior. Não houve novo teste individual de todos os critérios desta etapa; evidência histórica abaixo não certifica produção atual. A01 afeta acesso direto às rotas que usam loadAppShell; consulte relatório.","Agrupamento automático existe; nomes genéricos e ausência de avaliação de coesão/utilidade. GRAPH."
"GR19","Saídas JSON/relatório/HTML","I","I","ESCOPO_HERDADO_NAO_RETESTADO_INTEGRALMENTE","Escopo técnico mantido da matriz anterior. Não houve novo teste individual de todos os critérios desta etapa; evidência histórica abaixo não certifica produção atual. A01 afeta acesso direto às rotas que usam loadAppShell; consulte relatório.","Saídas e metadados presentes. GRAPH."
"GR20","Promoção atômica","P","P","ESCOPO_HERDADO_NAO_RETESTADO_INTEGRALMENTE","Escopo técnico mantido da matriz anterior. Não houve novo teste individual de todos os critérios desta etapa; evidência histórica abaixo não certifica produção atual. A01 afeta acesso direto às rotas que usam loadAppShell; consulte relatório.","Candidato/validação/lock existem; matriz completa de interrupção/disco cheio não testada. GRAPH/GR46."
"GR21","Query/path/explain","P","P","REAVALIADO_CODIGO_TESTES_OU_ESTADO_REMOTO","Query e impacto por vizinhança existem. Interface não entrega o conjunto completo query/path/explain previsto (A10).","Query disponível; wrappers estáveis path/explain não implementados. GRAPH."
"GR22","Vocabulário português","I","I","ESCOPO_HERDADO_NAO_RETESTADO_INTEGRALMENTE","Escopo técnico mantido da matriz anterior. Não houve novo teste individual de todos os critérios desta etapa; evidência histórica abaixo não certifica produção atual. A01 afeta acesso direto às rotas que usam loadAppShell; consulte relatório.","Expansão de termos para símbolos do projeto implementada. GRAPH."
"GR23","Limites de contexto","I","I","ESCOPO_HERDADO_NAO_RETESTADO_INTEGRALMENTE","Escopo técnico mantido da matriz anterior. Não houve novo teste individual de todos os critérios desta etapa; evidência histórica abaixo não certifica produção atual. A01 afeta acesso direto às rotas que usam loadAppShell; consulte relatório.","Limites/truncamento implementados e observados em consulta. GRAPH."
"GR24","Impacto direcional","A","A","REAVALIADO_CODIGO_TESTES_OU_ESTADO_REMOTO","Alternativa estrutural mantida: grafo não direcionado, impacto por vizinhança, reconstrução completa e integração via CI. Não declarar direção, incremental ou hooks Git entregues; decisão de escopo não equivale ao aceite da função original.","Comando atual mostra vizinhança não direcional; não equivale a dependentes diretos/transitivos. GRAPH."
"GR25","Impacto→testes","P","P","ESCOPO_HERDADO_NAO_RETESTADO_INTEGRALMENTE","Escopo técnico mantido da matriz anterior. Não houve novo teste individual de todos os critérios desta etapa; evidência histórica abaixo não certifica produção atual. A01 afeta acesso direto às rotas que usam loadAppShell; consulte relatório.","Referências ajudam navegação; sugestão validada de testes por dependência não está completa. GRAPH."
"GR26","Atualização incremental","A","A","REAVALIADO_CODIGO_TESTES_OU_ESTADO_REMOTO","Alternativa estrutural mantida: grafo não direcionado, impacto por vizinhança, reconstrução completa e integração via CI. Não declarar direção, incremental ou hooks Git entregues; decisão de escopo não equivale ao aceite da função original.","`update` reconstrói o grafo; hashes detectam defasagem, não extração incremental. GRAPH."
"GR27","Renomes/exclusões/branches","P","P","ESCOPO_HERDADO_NAO_RETESTADO_INTEGRALMENTE","Escopo técnico mantido da matriz anterior. Não houve novo teste individual de todos os critérios desta etapa; evidência histórica abaixo não certifica produção atual. A01 afeta acesso direto às rotas que usam loadAppShell; consulte relatório.","Rebuild/status ajudam; matriz de renomes e redução legítima não completamente ensaiada. GRAPH."
"GR28","Atualidade/check","I","I","REAVALIADO_CODIGO_TESTES_OU_ESTADO_REMOTO","graph:status declarou mapa atual (1045 nós/2299 arestas); workflow de Graphify aprovado no HEAD. Isso comprova camada estrutural, não todas as 50 etapas.","Status/check com metadados/hashes disponíveis. GRAPH."
"GR29","Instruções aos agentes","I","I","ESCOPO_HERDADO_NAO_RETESTADO_INTEGRALMENTE","Escopo técnico mantido da matriz anterior. Não houve novo teste individual de todos os critérios desta etapa; evidência histórica abaixo não certifica produção atual. A01 afeta acesso direto às rotas que usam loadAppShell; consulte relatório.","AGENTS local orienta consulta e validação na fonte. GRAPH."
"GR30","Hooks Git","A","A","REAVALIADO_CODIGO_TESTES_OU_ESTADO_REMOTO","Alternativa estrutural mantida: grafo não direcionado, impacto por vizinhança, reconstrução completa e integração via CI. Não declarar direção, incremental ou hooks Git entregues; decisão de escopo não equivale ao aceite da função original.","Integração automática via hook foi deliberadamente adiada; status manual não cumpre o item literal. GRAPH/DOC."
"GR31","Documentos selecionados","P","P","ESCOPO_HERDADO_NAO_RETESTADO_INTEGRALMENTE","Escopo técnico mantido da matriz anterior. Não houve novo teste individual de todos os critérios desta etapa; evidência histórica abaixo não certifica produção atual. A01 afeta acesso direto às rotas que usam loadAppShell; consulte relatório.","Escopo documentado; enriquecimento desses documentos não executado como entrega. GRAPH."
"GR32","Pass semântico separado","P","P","REAVALIADO_CODIGO_TESTES_OU_ESTADO_REMOTO","Grafo local de código não prova SQL aplicado, configuração remota nem vínculo semântico completo requisito→código→teste→deploy. Camada semântica e rastreabilidade integral permanecem parciais (A10).","Estrutural está isolado; pass semântico com orçamento/evidências não implementado/executado. GRAPH."
"GR33","Contratos até RPC/SQL","P","P","REAVALIADO_CODIGO_TESTES_OU_ESTADO_REMOTO","Grafo local de código não prova SQL aplicado, configuração remota nem vínculo semântico completo requisito→código→teste→deploy. Camada semântica e rastreabilidade integral permanecem parciais (A10).","Código TS extraído; relações completas até migrations/RPCs não demonstradas no grafo. GRAPH/DATA."
"GR34","Fronteiras dos bancos","P","P","REAVALIADO_CODIGO_TESTES_OU_ESTADO_REMOTO","Grafo local de código não prova SQL aplicado, configuração remota nem vínculo semântico completo requisito→código→teste→deploy. Camada semântica e rastreabilidade integral permanecem parciais (A10).","Guardas existem no código; representação direcionada e rastreável no grafo não completa. GRAPH/DATA."
"GR35","Código/flag/migration/deploy","P","P","REAVALIADO_CODIGO_TESTES_OU_ESTADO_REMOTO","Grafo local de código não prova SQL aplicado, configuração remota nem vínculo semântico completo requisito→código→teste→deploy. Camada semântica e rastreabilidade integral permanecem parciais (A10).","Documentos distinguem conceitos; modelo de conhecimento com evidências separadas não completo. GRAPH/DOC."
"GR36","Requisitos→implementação","P","P","REAVALIADO_CODIGO_TESTES_OU_ESTADO_REMOTO","Grafo local de código não prova SQL aplicado, configuração remota nem vínculo semântico completo requisito→código→teste→deploy. Camada semântica e rastreabilidade integral permanecem parciais (A10).","Esta auditoria fornece matriz manual; integração rastreável no grafo e manutenção ainda pendentes. DOC/GRAPH."
"GR37","Memória técnica revisável","P","P","REAVALIADO_CODIGO_TESTES_OU_ESTADO_REMOTO","Grafo local de código não prova SQL aplicado, configuração remota nem vínculo semântico completo requisito→código→teste→deploy. Camada semântica e rastreabilidade integral permanecem parciais (A10).","Orientação existe; ciclo operacional de memória com fonte/commit/correção não comprovado. GRAPH."
"GR38","Runbook para o time","I","I","ESCOPO_HERDADO_NAO_RETESTADO_INTEGRALMENTE","Escopo técnico mantido da matriz anterior. Não houve novo teste individual de todos os critérios desta etapa; evidência histórica abaixo não certifica produção atual. A01 afeta acesso direto às rotas que usam loadAppShell; consulte relatório.","README/runbook com instalação, comandos e limitações. GRAPH."
"GR39","Visualização local","P","P","ESCOPO_HERDADO_NAO_RETESTADO_INTEGRALMENTE","Escopo técnico mantido da matriz anterior. Não houve novo teste individual de todos os critérios desta etapa; evidência histórica abaixo não certifica produção atual. A01 afeta acesso direto às rotas que usam loadAppShell; consulte relatório.","HTML gerado; teste completo de filtros/busca/segurança/usabilidade não demonstrado. GRAPH."
"GR40","Medir utilidade","N","N","REAVALIADO_CODIGO_TESTES_OU_ESTADO_REMOTO","Não encontrados benchmark de utilidade/precisão acordado e relatório comparativo base/head completo (A10).","Benchmark equivalente grafo versus busca direta nas dez perguntas não encontrado. GRAPH/DOC."
"GR41","Workflow específico","I","I","REAVALIADO_CODIGO_TESTES_OU_ESTADO_REMOTO","graph:status declarou mapa atual (1045 nós/2299 arestas); workflow de Graphify aprovado no HEAD. Isso comprova camada estrutural, não todas as 50 etapas.","Workflow próprio, leitura mínima, versão fixada e check bem-sucedido. GRAPH/QA."
"GR42","Permissões/artefatos","P","P","ESCOPO_HERDADO_NAO_RETESTADO_INTEGRALMENTE","Escopo técnico mantido da matriz anterior. Não houve novo teste individual de todos os critérios desta etapa; evidência histórica abaixo não certifica produção atual. A01 afeta acesso direto às rotas que usam loadAppShell; consulte relatório.","Permissões e retenção existem; revisão abrangente de visibilidade/segredos nos artefatos precisa evidência. GRAPH."
"GR43","Gatilhos/cache específicos","P","P","ESCOPO_HERDADO_NAO_RETESTADO_INTEGRALMENTE","Escopo técnico mantido da matriz anterior. Não houve novo teste individual de todos os critérios desta etapa; evidência histórica abaixo não certifica produção atual. A01 afeta acesso direto às rotas que usam loadAppShell; consulte relatório.","Cache npm existe; sem filtro de caminhos e cache do grafo por corpus. GRAPH."
"GR44","Relatório base/head","N","N","REAVALIADO_CODIGO_TESTES_OU_ESTADO_REMOTO","Não encontrados benchmark de utilidade/precisão acordado e relatório comparativo base/head completo (A10).","Workflow não calcula diff estrutural e testes afetados entre commits. GRAPH."
"GR45","Conteúdo hostil","P","P","ESCOPO_HERDADO_NAO_RETESTADO_INTEGRALMENTE","Escopo técnico mantido da matriz anterior. Não houve novo teste individual de todos os critérios desta etapa; evidência histórica abaixo não certifica produção atual. A01 afeta acesso direto às rotas que usam loadAppShell; consulte relatório.","Guardas cobertas parcialmente; fixtures completas de labels HTML/instruções/segredos sintéticos faltam. GRAPH."
"GR46","Falhas e concorrência","P","P","ESCOPO_HERDADO_NAO_RETESTADO_INTEGRALMENTE","Escopo técnico mantido da matriz anterior. Não houve novo teste individual de todos os critérios desta etapa; evidência histórica abaixo não certifica produção atual. A01 afeta acesso direto às rotas que usam loadAppShell; consulte relatório.","Seis testes não cobrem toda a matriz parser/timeout/disco/lock/interrupção. GRAPH."
"GR47","Cobertura/precisão","P","P","ESCOPO_HERDADO_NAO_RETESTADO_INTEGRALMENTE","Escopo técnico mantido da matriz anterior. Não houve novo teste individual de todos os critérios desta etapa; evidência histórica abaixo não certifica produção atual. A01 afeta acesso direto às rotas que usam loadAppShell; consulte relatório.","Mapa consultável; dez perguntas e imports indiretos/dinâmicos não validados integralmente. GRAPH."
"GR48","Desempenho/regressões","P","P","ESCOPO_HERDADO_NAO_RETESTADO_INTEGRALMENTE","Escopo técnico mantido da matriz anterior. Não houve novo teste individual de todos os critérios desta etapa; evidência histórica abaixo não certifica produção atual. A01 afeta acesso direto às rotas que usam loadAppShell; consulte relatório.","Geração atual funciona; benchmark maior/comparação incremental/visualização não completo. GRAPH."
"GR49","Recuperação/upgrade","P","P","ESCOPO_HERDADO_NAO_RETESTADO_INTEGRALMENTE","Escopo técnico mantido da matriz anterior. Não houve novo teste individual de todos os critérios desta etapa; evidência histórica abaixo não certifica produção atual. A01 afeta acesso direto às rotas que usam loadAppShell; consulte relatório.","Procedimento e preservação de candidato existem; ensaio completo de restauração/upgrade não comprovado. GRAPH."
"GR50","Publicar/acompanhar","P","P","REAVALIADO_CODIGO_TESTES_OU_ESTADO_REMOTO","graph:status declarou mapa atual (1045 nós/2299 arestas); workflow de Graphify aprovado no HEAD. Isso comprova camada estrutural, não todas as 50 etapas.","Integração versionada e CI ativo; ciclo de utilidade/recuperação/aceite ainda não encerrado. GRAPH/QA."
"AC01","Primeiro orçamento sem cadastro","I","I","ESCOPO_HERDADO_NAO_RETESTADO_INTEGRALMENTE","Escopo técnico mantido da matriz anterior. Não houve novo teste individual de todos os critérios desta etapa; evidência histórica abaixo não certifica produção atual. A01 afeta acesso direto às rotas que usam loadAppShell; consulte relatório.","Fluxo visitante preservado. QUOTE."
"AC02","Entrada Meus orçamentos","I","I","ESCOPO_HERDADO_NAO_RETESTADO_INTEGRALMENTE","Escopo técnico mantido da matriz anterior. Não houve novo teste individual de todos os critérios desta etapa; evidência histórica abaixo não certifica produção atual. A01 afeta acesso direto às rotas que usam loadAppShell; consulte relatório.","Acessos de navegação implementados. NAV."
"AC03","Tela de acesso responsiva","I","I","ESCOPO_HERDADO_NAO_RETESTADO_INTEGRALMENTE","Escopo técnico mantido da matriz anterior. Não houve novo teste individual de todos os critérios desta etapa; evidência histórica abaixo não certifica produção atual. A01 afeta acesso direto às rotas que usam loadAppShell; consulte relatório.","AUTH/QA."
"AC04","Link/código por e-mail","P","P","REAVALIADO_CODIGO_TESTES_OU_ESTADO_REMOTO","Rotas/clientes de autenticação existem e allowlist foi versionada; configuração remota e ciclo atual de entrega/recuperação/refresh não revalidados. Há evidência histórica de testes reais em 09/09, não prova atual. Entrada direta afetada por A01.","Suporte de autenticação existe; envio/recebimento real não revalidado nesta auditoria. AUTH."
"AC05","Entrada com senha","I","I","ESCOPO_HERDADO_NAO_RETESTADO_INTEGRALMENTE","Escopo técnico mantido da matriz anterior. Não houve novo teste individual de todos os critérios desta etapa; evidência histórica abaixo não certifica produção atual. A01 afeta acesso direto às rotas que usam loadAppShell; consulte relatório.","Fluxo implementado e coberto nos contratos existentes. AUTH."
"AC06","Criar senha/confirmar e-mail","P","P","REAVALIADO_CODIGO_TESTES_OU_ESTADO_REMOTO","Rotas/clientes de autenticação existem e allowlist foi versionada; configuração remota e ciclo atual de entrega/recuperação/refresh não revalidados. Há evidência histórica de testes reais em 09/09, não prova atual. Entrada direta afetada por A01.","UI e integração existem; ciclo real de confirmação não reexecutado. AUTH."
"AC07","Recuperar/redefinir senha","P","P","REAVALIADO_CODIGO_TESTES_OU_ESTADO_REMOTO","Rotas/clientes de autenticação existem e allowlist foi versionada; configuração remota e ciclo atual de entrega/recuperação/refresh não revalidados. Há evidência histórica de testes reais em 09/09, não prova atual. Entrada direta afetada por A01.","Tratamentos presentes; expiração e entrega real precisam aceite operacional. AUTH."
"AC08","Redirect interno restrito","I","I","ESCOPO_HERDADO_NAO_RETESTADO_INTEGRALMENTE","Escopo técnico mantido da matriz anterior. Não houve novo teste individual de todos os critérios desta etapa; evidência histórica abaixo não certifica produção atual. A01 afeta acesso direto às rotas que usam loadAppShell; consulte relatório.","Validação de destino local implementada/testada. AUTH."
"AC09","Callback inválido recuperável","I","I","ESCOPO_HERDADO_NAO_RETESTADO_INTEGRALMENTE","Escopo técnico mantido da matriz anterior. Não houve novo teste individual de todos os critérios desta etapa; evidência histórica abaixo não certifica produção atual. A01 afeta acesso direto às rotas que usam loadAppShell; consulte relatório.","Estado de erro e teste correspondente presentes. AUTH/QA."
"AC10","Sessão persistente/refresh","P","P","REAVALIADO_CODIGO_TESTES_OU_ESTADO_REMOTO","Rotas/clientes de autenticação existem e allowlist foi versionada; configuração remota e ciclo atual de entrega/recuperação/refresh não revalidados. Há evidência histórica de testes reais em 09/09, não prova atual. Entrada direta afetada por A01.","SDK integrado; troca de identidade e limpeza local ainda têm lacunas. AUTH/F11."
"AC11","Rejeitar secret no bundle","I","I","ESCOPO_HERDADO_NAO_RETESTADO_INTEGRALMENTE","Escopo técnico mantido da matriz anterior. Não houve novo teste individual de todos os critérios desta etapa; evidência histórica abaixo não certifica produção atual. A01 afeta acesso direto às rotas que usam loadAppShell; consulte relatório.","Configuração pública validada por guardas e testes. AUTH/DATA."
"AC12","Auth no banco isolado","I","I","ESCOPO_HERDADO_NAO_RETESTADO_INTEGRALMENTE","Escopo técnico mantido da matriz anterior. Não houve novo teste individual de todos os critérios desta etapa; evidência histórica abaixo não certifica produção atual. A01 afeta acesso direto às rotas que usam loadAppShell; consulte relatório.","Destino protegido na configuração do site. AUTH/DATA."
"AC13","Titular opcional","I","I","ESCOPO_HERDADO_NAO_RETESTADO_INTEGRALMENTE","Escopo técnico mantido da matriz anterior. Não houve novo teste individual de todos os critérios desta etapa; evidência histórica abaixo não certifica produção atual. A01 afeta acesso direto às rotas que usam loadAppShell; consulte relatório.","Contrato preserva envio anônimo. DATA."
"AC14","Associar e-mail confirmado","I","I","ESCOPO_HERDADO_NAO_RETESTADO_INTEGRALMENTE","Escopo técnico mantido da matriz anterior. Não houve novo teste individual de todos os critérios desta etapa; evidência histórica abaixo não certifica produção atual. A01 afeta acesso direto às rotas que usam loadAppShell; consulte relatório.","Regras/RPC e testes de identidades confirmadas/não confirmadas. DATA."
"AC15","Associação idempotente","I","I","ESCOPO_HERDADO_NAO_RETESTADO_INTEGRALMENTE","Escopo técnico mantido da matriz anterior. Não houve novo teste individual de todos os critérios desta etapa; evidência histórica abaixo não certifica produção atual. A01 afeta acesso direto às rotas que usam loadAppShell; consulte relatório.","Restrição de titularidade e testes pgTAP. DATA."
"AC16","Lista por titular","I","I","ESCOPO_HERDADO_NAO_RETESTADO_INTEGRALMENTE","Escopo técnico mantido da matriz anterior. Não houve novo teste individual de todos os critérios desta etapa; evidência histórica abaixo não certifica produção atual. A01 afeta acesso direto às rotas que usam loadAppShell; consulte relatório.","RPC limita por identidade e parâmetros validados. ACCOUNT/DATA."
"AC17","Detalhe do titular","I","I","ESCOPO_HERDADO_NAO_RETESTADO_INTEGRALMENTE","Escopo técnico mantido da matriz anterior. Não houve novo teste individual de todos os critérios desta etapa; evidência histórica abaixo não certifica produção atual. A01 afeta acesso direto às rotas que usam loadAppShell; consulte relatório.","Controle por `auth.uid()` e isolamento testado. ACCOUNT/DATA."
"AC18","Snapshot original","I","I","ESCOPO_HERDADO_NAO_RETESTADO_INTEGRALMENTE","Escopo técnico mantido da matriz anterior. Não houve novo teste individual de todos os critérios desta etapa; evidência histórica abaixo não certifica produção atual. A01 afeta acesso direto às rotas que usam loadAppShell; consulte relatório.","Pedido original preservado; repetição cria nova intenção. ACCOUNT/DATA."
"AC19","Timeline pública separada","I","I","ESCOPO_HERDADO_NAO_RETESTADO_INTEGRALMENTE","Escopo técnico mantido da matriz anterior. Não houve novo teste individual de todos os critérios desta etapa; evidência histórica abaixo não certifica produção atual. A01 afeta acesso direto às rotas que usam loadAppShell; consulte relatório.","Modelo e consulta separados de eventos internos. ACCOUNT/DATA."
"AC20","Eventos reais de status","I","I","ESCOPO_HERDADO_NAO_RETESTADO_INTEGRALMENTE","Escopo técnico mantido da matriz anterior. Não houve novo teste individual de todos os critérios desta etapa; evidência histórica abaixo não certifica produção atual. A01 afeta acesso direto às rotas que usam loadAppShell; consulte relatório.","Persistência/eventos previstos em SQL; não equivale a operador atuando. DATA."
"AC21","Busca/filtros/paginação/estados","I","I","ESCOPO_HERDADO_NAO_RETESTADO_INTEGRALMENTE","Escopo técnico mantido da matriz anterior. Não houve novo teste individual de todos os critérios desta etapa; evidência histórica abaixo não certifica produção atual. A01 afeta acesso direto às rotas que usam loadAppShell; consulte relatório.","Lista e recuperação de erro implementadas. ACCOUNT/QA."
"AC22","Detalhe completo","I","I","ESCOPO_HERDADO_NAO_RETESTADO_INTEGRALMENTE","Escopo técnico mantido da matriz anterior. Não houve novo teste individual de todos os critérios desta etapa; evidência histórica abaixo não certifica produção atual. A01 afeta acesso direto às rotas que usam loadAppShell; consulte relatório.","Itens, contato e contexto apresentados ao titular. ACCOUNT."
"AC23","Solicitar novamente","P","P","REAVALIADO_CODIGO_TESTES_OU_ESTADO_REMOTO","Repetição solicita confirmação; regras atuais e referências retiradas precisam validação completa. Não confundir snapshot histórico com catálogo atual.","Confirma substituição, mas revalidação completa das regras atuais ainda pendente. ACCOUNT/UX78."
"AC24","Versões publicadas","P","P","REAVALIADO_CODIGO_TESTES_OU_ESTADO_REMOTO","Consulta de versões e assinatura privada presentes/testadas; fluxo comercial real publicar→abrir→expirar→ajustar ainda sem comprovação atual (A07).","Modelo e leitura existem; publicação comercial ponta a ponta não comprovada. DATA/F13."
"AC25","Bucket PDF privado/limites","I","I","ESCOPO_HERDADO_NAO_RETESTADO_INTEGRALMENTE","Escopo técnico mantido da matriz anterior. Não houve novo teste individual de todos os critérios desta etapa; evidência histórica abaixo não certifica produção atual. A01 afeta acesso direto às rotas que usam loadAppShell; consulte relatório.","Bucket/políticas e validações de formato/tamanho previstos e testados. DATA."
"AC26","URL assinada de 60 segundos","I","I","ESCOPO_HERDADO_NAO_RETESTADO_INTEGRALMENTE","Escopo técnico mantido da matriz anterior. Não houve novo teste individual de todos os critérios desta etapa; evidência histórica abaixo não certifica produção atual. A01 afeta acesso direto às rotas que usam loadAppShell; consulte relatório.","API exige sessão/autorização antes de assinar. ACCOUNT/DATA."
"AC27","Origem/UUID/bucket/host","I","I","ESCOPO_HERDADO_NAO_RETESTADO_INTEGRALMENTE","Escopo técnico mantido da matriz anterior. Não houve novo teste individual de todos os critérios desta etapa; evidência histórica abaixo não certifica produção atual. A01 afeta acesso direto às rotas que usam loadAppShell; consulte relatório.","Guardas e testes negativos de API presentes. DATA/QA."
"AC28","Noindex/analytics sem protocolo","P","P","REAVALIADO_CODIGO_TESTES_OU_ESTADO_REMOTO","Titles/canonical e noindex privado evoluíram. Produção entrega HTML de login da Vercel em rotas públicas/privadas, sem root React; 404 editorial correto não encerra SEO/experiência (A01).","HTML inicial indexável e UUID de pedido preservado no pathname. F04/F05."
"AC29","Aviso de privacidade","P","P","ESCOPO_HERDADO_NAO_RETESTADO_INTEGRALMENTE","Escopo técnico mantido da matriz anterior. Não houve novo teste individual de todos os critérios desta etapa; evidência histórica abaixo não certifica produção atual. A01 afeta acesso direto às rotas que usam loadAppShell; consulte relatório.","Texto existe; divergências com rascunho/retenção e revisão operacional precisam reconciliação. F06/F11/F14."
"AC30","Cobertura automatizada completa","P","P","REAVALIADO_CODIGO_TESTES_OU_ESTADO_REMOTO","Suítes locais passam, mas há defeitos fora delas e não houve nova rodada real de autenticação/propostas/recuperação em produção. Cobertura automatizada completa não demonstrada.","Suítes passam, mas flags novas/cenários de falha não estão integralmente cobertos. QA/F01–F12."
